Title,Author full names,Year,Source title,DOI,Publisher
"Automating Postearthquake Recovery in Construction: Leveraging BIM, Deep Learning, and Web Map Services for Efficient Solutions","Oktavianus, Adrianto (56690465400); Chen, Po-Han (7408355488); Lin, Jacob J. (56716901300); Chang, Luh-Maan (7404274683)",2025,Journal of Computing in Civil Engineering,10.1061/JCCEE5.CPENG-6142,American Society of Civil Engineers (ASCE)
"Integrating HBIM and WebGIS for the Documentation, Visualization and Management of Modern Architectural Heritage Sites","Dionizio, Rafael Fernandes (58299406400); López-Chao, Vicente (57192394743)",2025,International Journal of Architectural Heritage,10.1080/15583058.2025.2502528,Taylor and Francis Ltd.
Identifying industrial buildings as a spatial resource for sustainable urban regeneration in high-density post-industrial metropolitan in Asia,"Sun, Miao (57223197143); Qin, Tan (59536594800); Kuang, Yuanxiao (59536765300); Lv, Jianchang (59536241000)",2025,Journal of Asian Architecture and Building Engineering,10.1080/13467581.2025.2455026,Taylor and Francis Ltd.
Quantitative multi-index residual capacities assessment of structural components through deep-learning-based image processing: A proof-of-concept study on masonry walls,"Cai, Wen-Zheng (59553544500); Chen, Shi-Zhi (57194527204); Feng, De-Cheng (57200006945); Taciroglu, Ertugrul (6602889035)",2025,Advanced Engineering Informatics,10.1016/j.aei.2025.103185,Elsevier Ltd
Proof of Concept for Methodological Framework Including Point Clouds in the Non-Destructive Diagnosis of Historical Masonry Structures,"Bartolini, Giada (57952219900); Giuliani, Francesca (57195928601); De Falco, Anna (7004117851)",2025,International Journal of Architectural Heritage,10.1080/15583058.2023.2260769,Taylor and Francis Ltd.
A Contactless Multi-Modal Sensing Approach for Material Assessment and Recovery in Building Deconstruction,"Cabral, Sophia (59529962100); Klimenka, Mikita (58101803000); Bademosi, Fopefoluwa (57202742349); Lau, Damon (57205738135); Pender, Stefanie (59528955200); Villaggi, Lorenzo (57202430882); Stoddart, James (57191995294); Donnelly, James (59529680500); Storey, Peter (59474810100); Benjamin, David (56297162000)",2025,Sustainability (Switzerland),10.3390/su17020585,Multidisciplinary Digital Publishing Institute (MDPI)
Optimized UAV view planning for high-quality 3D reconstruction of buildings using a modified sparrow search algorithm,"Liang, Zhenyu (58976034300); Yang, Liu (57213418981); Liang, Zhaolun (58659952600); Chan, Jeff Chak Fu (58976310600); Zhang, Zhaojie (59740181500); Wang, Mingzhu (57202642024); Cheng, Jack C.P. (59409633600)",2025,Advanced Engineering Informatics,10.1016/j.aei.2025.103344,Elsevier Ltd
Modeling interior component stocks of UK housing using exterior features and machine learning techniques,"Dai, Menglin (57212503765); Jurszyk, Jakub (59944775200); Gillott, Charles (57778461000); Sun, Kun (57411580600); Lanau, Maud (57210592670); Liu, Gang (57201565364); Densley Tingley, Danielle (55293435700)",2025,Journal of Industrial Ecology,10.1111/jiec.70048,John Wiley and Sons Inc
Multi-Scale Documentation of Modern Brazilian Architecture: An HBIM-HGIS Approach,"Fernandes Dionizio, Rafael (58299406400); Murphy, Maurice (56664779300); Dezen-Kempter, Eloisa (57191557302)",2025,International Journal of Architectural Heritage,10.1080/15583058.2025.2492243,Taylor and Francis Ltd.
Autonomous building material stock estimation using 3D modeling and multilayer perceptron,"Li, Qingxiang (57204721739); Zhao, Benyun (57841435400); Wang, Xinyi (57226729759); Yang, Guidong (57841140600); Chang, Yuyang (57969351900); Chen, Xi (59382941700); Chen, Ben M. (7408611448)",2025,Sustainable Cities and Society,10.1016/j.scs.2025.106522,Elsevier Ltd
An integrated approach for thermal conductivity prediction of grotto sandstone using virtual sample generation and machine learning with limited nondestructive testing data,"Hu, Jinshuai (58705542100); Cheng, Yuan (57199041044); Li, Zheng (59643626200); Zhang, Yue (35147463400); Yan, Hongbin (57696549200); Huang, Jizhong (57209469538)",2025,Measurement: Journal of the International Measurement Confederation,10.1016/j.measurement.2025.118248,Elsevier B.V.
The digital twin on a residential housing in the Czech Republic on the BIM platform and its importance for the circular economy,"Jašek, Marek (59905061800); Kubečková, Darja (55566665300)",2025,Structures,10.1016/j.istruc.2025.109180,Elsevier Ltd
Automated Assessment of Historic Tiles Degradation by Deep Learning Approach and HBIM Implementation: Application Cases in Seville,"Giannuzzi, Valeria (59302726500); Nieto-Julián, Enrique (59475801300); Marin-García, David (58757626800)",2025,Lecture Notes in Civil Engineering,10.1007/978-3-031-87312-6_60,Springer Science and Business Media Deutschland GmbH
Integrating industry foundation classes and knowledge graphs for automated deconstruction planning,"Allam, Amr S. (57213519399); Nik-Bakht, Mazdak (56368493100)",2025,Journal of Building Engineering,10.1016/j.jobe.2025.112564,Elsevier Ltd
3D surface defect detection and measurement using point cloud unwrapping via dimension reduction,"Li, Xuelai (59292963100); Liu, Changyong (23019231900); Yang, Xincong (57013893700); Yan, Haofeng (59368199100)",2025,Automation in Construction,10.1016/j.autcon.2025.106349,Elsevier B.V.
Semi-destructive testing methods for examining the structural condition of historic buildings,"Knyziak, Piotr (56528509100); Spodzieja, Szymon (57192543880); Krentowski, Janusz R. (56294301400); Pawłowicz, Joanna A. (56728573000); Sawczyński, Szymon (57191495416); Gil-Mastalerczyk, Joanna (57192114414)",2025,Engineering Failure Analysis,10.1016/j.engfailanal.2025.109354,Elsevier Ltd
Ontology for a Knowledge-Based Deconstruction of Buildings Based on BIM Models and Linked Data Principles,"Jäkel, Jan-Iwo (57886317400); Heinlein, Eva (59677403200); von Czernitzky, Constantin (59676285300); Mackenbach, Sven (57220197249); Klemt-Albert, Katharina (57200299618)",2025,Buildings,10.3390/buildings15050720,Multidisciplinary Digital Publishing Institute (MDPI)
A novel computer vision-based approach for autonomous building facade material stock estimation,"Rajaratnam, Dilakshan (57209363295); Stewart, Rodney A. (58023802000); Liu, Tingting (59824987700); Vieira, Abel Silva (56095416300)",2025,"Resources, Conservation and Recycling",10.1016/j.resconrec.2025.108311,Elsevier B.V.
Circularity assessment across construction project phases with Building Information Modelling,"Jiang, Li (57658683100); van den Berg, Marc (57195406672); Voordijk, Hans (6602399451); Adriaanse, Arjen (35092143400)",2025,Developments in the Built Environment,10.1016/j.dibe.2025.100663,Elsevier Ltd
Exploring the Contribution of Digital Twins to the Preservation of Historical Heritage - Case Study of the Casa da Baronesa de Serra Branca,"Lopes Toledo, André Luiz (57204711879); da Silva Santos, Ericksom (59743939800); da Silva, Almir F. (59744595800); Carvalho Clemente, Juliana (59744764200); Lima Silva, Nayara Luana (59743601900); Ribeiro de Oliveira, Maria Cleide (59744104600); Bezerra Braga Gomes de Medeiros, Isabelly (59743939900); Tavares da Costa Freire, Juvenise (59743602000)",2025,Lecture Notes in Civil Engineering,10.1007/978-3-031-87316-4_67,Springer Science and Business Media Deutschland GmbH
Image-To-Insight: A novel workflow for converting post-disaster imagery of historic masonry structures into actionable data,"Kallas, Joe (58365217600); Napolitano, Rebecca (57194621055)",2025,International Journal of Disaster Risk Reduction,10.1016/j.ijdrr.2025.105358,Elsevier Ltd
Research on fine model reconstruction method of ancient architecture based on least squares method,"Jiang, Changlei (59939144300); Hu, Wei (59939349300); Zhang, Guoyu (59939144400)",2025,npj Heritage Science,10.1038/s40494-025-01647-5,Springer Science and Business Media Deutschland GmbH
Ensemble learning based sustainable approach to rebuilding metal structures prediction,"Vlasenko, Tetiana (59000799100); Hutsol, Taras (57202648004); Vlasovets, Vitaliy (6507019627); Glowacki, Szymon (35975950600); Nurek, Tomasz (56644877200); Horetska, Iryna (57452121100); Kukharets, Savelii (57193883092); Firman, Yuriy (57452271200); Bilovod, Olexandra (58729589600)",2025,Scientific Reports,10.1038/s41598-024-84996-8,Nature Research
DECENTRALIZED DATA NETWORKS FOR LIFECYCLE MANAGEMENT IN THE BUILT ENVIRONMENT,"Bucher, David F. (57219007528); Hunhevicz, Jens J. (57217925661); Byers, Brandon S. (57931282900); Honic, Meliha (57195241850); De Wolf, Catherine (57189463041); Hall, Daniel M. (57202684927)",2025,Journal of Information Technology in Construction,10.36680/j.itcon.2025.034,International Council for Research and Innovation in Building and Construction
A blockchain-based supply chain framework for advancing circular economy in the construction industry,"Mankata, Lawrence Martin (57218544871); Antwi-Afari, Prince (57205203073); Ng, S. Thomas (57330075700)",2025,Journal of Cleaner Production,10.1016/j.jclepro.2025.145966,Elsevier Ltd
Data carriers for circular construction supply chains: An exploratory quantitative analysis,"Byers, Brandon S. (57931282900); Stengele, Kaspar (59486879000); De Wolf, Catherine (57189463041)",2025,Journal of Cleaner Production,10.1016/j.jclepro.2025.145053,Elsevier Ltd
"A Framework of ifcJSON-Based Digital Twin Platform for Monitoring Building Environment Using BIM, IoT, and Semantic Web Technologies","Chung, Jihoon (57218248164); Shelden, Dennis (24449549000)",2025,Lecture Notes in Civil Engineering,10.1007/978-3-031-84208-5_4,Springer Science and Business Media Deutschland GmbH
"Using digital modelling for the partial reconstruction of Sheikh Al-Arab Hammam citadel, situated in Farshout, Qena, Egypt","Mohamed, Essam H. (59889608400)",2025,Research on Engineering Structures and Materials,10.17515/resm2025-609st0110rs,MIM RESEARCH GROUP
Automated heritage building component recognition and modelling based on local features,"Pang, Bo (57226365595); Yang, Jian (57966098200); Xia, Tian (59319699000); Zhang, Anshan (59881846600); Zhang, Kai (56378480500); Xu, Qingfeng (59488830200); Wang, Feiliang (55954333600)",2025,Journal of Cultural Heritage,10.1016/j.culher.2024.12.006,Elsevier Masson s.r.l.
Precision detection and identification method for apparent damage in timber components of historic buildings based on portable LiDAR equipment,"Liu, Hongchao (59368309100); Wu, Ying (59367994500); Li, Aiqun (57204331975); Deng, Yang (55218285200)",2024,Journal of Building Engineering,10.1016/j.jobe.2024.111050,Elsevier Ltd
Documenting Ancient Materials for a Digital Materials Library Project. The Case of Three World Heritage Sites in Algeria,"Allaouchiche, Sara (59727266300); Kacher, Sabrina (14625239300); Sanz-Arauz, David (56968197800)",2025,International Journal of Architectural Heritage,10.1080/15583058.2025.2495960,Taylor and Francis Ltd.
Integration of BIM and GIS for the Digitization of the Built Environment,"Piras, Giuseppe (57219207943); Muzi, Francesco (58075716100); Zylka, Claudia (58568128600)",2024,Applied Sciences (Switzerland),10.3390/app142311171,Multidisciplinary Digital Publishing Institute (MDPI)
Component-Level Residential Building Material Stock Characterization Using Computer Vision Techniques,"Dai, Menglin (57212503765); Jurczyk, Jakub (58929552000); Arbabi, Hadi (57196236268); Mao, Ruichang (57191074364); Ward, Wil (55904364600); Mayfield, Martin (56430668700); Liu, Gang (57201565364); Tingley, Danielle Densley (55293435700)",2024,Environmental Science and Technology,10.1021/acs.est.3c09207,American Chemical Society
An innovative approach for the semantic segmentation of surveyed building facades leveraging on architectural drawings,"Trivi, M.B. (58924077600); Mazzacca, G. (57489024400); Griffo, M. (57203267527); Malek, S. (59280574100); Battisti, R. (55405232700); Remondino, F. (6507122674); Bianchini, C. (36940808300); Chiavoni, E. (55420873600)",2024,"International Archives of the Photogrammetry, Remote Sensing and Spatial Information Sciences - ISPRS Archives",10.5194/isprs-Archives-XLVIII-2-W4-2024-445-2024,International Society for Photogrammetry and Remote Sensing
A Reconstruction of the Shrine of the Prophet Nahum: An Analysis of 3D Documentation Methods and Data Transfer Technology for Virtual and Augmented Realities,"Pavelka, Karel (56540956600); Běloch, Lukáš (58484630600)",2025,Applied Sciences (Switzerland),10.3390/app15021000,Multidisciplinary Digital Publishing Institute (MDPI)
Weakly Supervised SVM-Enhanced SAM Pipeline for Stone-by-Stone Segmentation of the Masonry of the Loire Valley Castles,"Lucho, Stuardo (57196344889); Treuillet, Sylvie (8707307800); Desquesnes, Xavier (36801209600); Leconge, Remy (6505923752); Brunetaud, Xavier (20336838200)",2024,Journal of Imaging,10.3390/jimaging10060148,Multidisciplinary Digital Publishing Institute (MDPI)
Intelligent post-earthquake building recovery system: A framework combining BIM and deep learning,"Oktavianus, Adrianto (56690465400); Chen, Po-Han (7408355488); Lin, Jacob J. (56716901300)",2024,Journal of Building Engineering,10.1016/j.jobe.2024.111366,Elsevier Ltd
Split wooden rods for novel wood-based boards in the construction sector,"Burgert, Ingo (6603780187); Kegel, Sebastian (57358671500); Schnider, Thomas (57188547942); Achatz, Julia (58810762400); Stucki, Sandro (57188747294); Schubert, Mark (26025340100)",2024,RILEM Technical Letters,10.21809/rilemtechlett.2024.193,RILEM Publications SARL
IoT and Digital Twin: A new perspective for Cultural Heritage predictive maintenance,"Cecere, L. (56667417100); Colace, F. (6603910841); Lorusso, A. (57226819593); Messina, B. (56541282800); Tucker, A. (57210525029); Santaniello, D. (57197874499)",2024,Procedia Structural Integrity,10.1016/j.prostr.2024.09.334,Elsevier B.V.
The role of Building Information Modelling (BIM) in waste management deconstruction plan via 3D reconstruction model,"Andriyani, Nofalia (55906618400); Adi, Tri Joko Wahyu (36658997100); Suprobo, Priyo (6506494324); Aspar, Wimpie A. N. (6504647683); Widiyanto, Anugerah (6602156966); Firdana, Frury (59258724000); Yunus, Ahmad Fauzi (59258724100)",2024,AIP Conference Proceedings,10.1063/5.0205719,American Institute of Physics
Design for steel structures deconstruction: an analytics system for construction waste minimization in a circular economy through BIM technology,"Mohammed, Alaa (59362734700); Ghannam, Mohamed (55840017400); Elmasoudi, Islam (57202452796)",2024,Innovative Infrastructure Solutions,10.1007/s41062-024-01703-2,Springer Science and Business Media Deutschland GmbH
"Maintenance Approaches Using 3D Scanning Point Cloud Visualization, and BIM+ Data Management: A Case Study of Dahei Mountain Buildings","Zhan, Jingyi (59254639900); Zhang, Tianyi (59302463500); Huang, Jinni (58515885300); Li, Ming (57202058547)",2024,Buildings,10.3390/buildings14092649,Multidisciplinary Digital Publishing Institute (MDPI)
Blockchain-Enabled Provenance Tracking for Sustainable Material Reuse in Construction Supply Chains,"Wilson, Stanly (57209244939); Adu-Duodu, Kwabena (57314268300); Li, Yinhao (57207043315); Sham, Ringo (57930692200); Almubarak, Mohammed (59002940500); Wang, Yingli (37074964300); Solaiman, Ellis (6506642705); Perera, Charith (55293491900); Ranjan, Rajiv (57197711780); Rana, Omer (7003659610)",2024,Future Internet,10.3390/fi16040135,Multidisciplinary Digital Publishing Institute (MDPI)
How to Valorize Construction and Demolition Wastes? Beyond the State of the art Through Vision Systems and Artificial Intelligence Tools,"Cosoli, Gloria (56786271100); Salerno, Giovanni (58846247500); Calcagni, Maria Teresa (58027874900); Pandarese, Giuseppe (25723753900); Violini, Luca (57210821552); El Masri, Evelyne (57193996078); De Melo Ribeiro, Henrique (57426033900); Abbas, Mohmmad Ali Asgar (59259412800); Revel, Gian Marco (55551950400)",2024,"2024 IEEE International Workshop on Metrology for Living Environment, MetroLivEnv 2024 - Proceedings",10.1109/MetroLivEnv60384.2024.10615834,Institute of Electrical and Electronics Engineers Inc.
Automatic modeling of the current state components of ancient buildings based on 3D deformation algorithm,"Hu, Chunmei (56286854500); Zhu, Zhiyong (59357996900); Xia, Guofang (57202046543); Liu, Xi (57416267800); Ma, Xinjian (57742575700)",2024,Heritage Science,10.1186/s40494-024-01455-3,Springer Science and Business Media Deutschland GmbH
"Retrofitting Buildings as an Instrument of Historical Preservation: Case Study of the Escola de Aprendizes Artífices, Natal, Brazil","Toledo, André L. L. (57204711879); da Silva, Ericksom S. (59743602300); Clemente, Juliana C. (59743773000); dos Santos, Marcos C. (59744764500); Oliveira, Maria C. R. (59744595900); de Medeiros, Isabelly B. B. G. (59744431300); Freire, Juvenise T. C. (59743602400)",2025,Lecture Notes in Civil Engineering,10.1007/978-3-031-87316-4_64,Springer Science and Business Media Deutschland GmbH
Augmenting materials passports to support disassembly planning based on building information modelling standards,"Sanchez, Benjamin (57200699857); Honic, Meliha (57195241850); Leite, Fernanda (23097703400); Herthogs, Pieter (56205626800); Stouffs, Rudi (6506322664)",2024,Journal of Building Engineering,10.1016/j.jobe.2024.109083,Elsevier Ltd
"Integration of Laser Scanning, Digital Photogrammetry and BIM Technology: A Review and Case Studies","Borkowski, Andrzej Szymon (56950213000); Kubrat, Alicja (59491801900)",2024,Eng,10.3390/eng5040125,Multidisciplinary Digital Publishing Institute (MDPI)
Development of a 3D Digital Model of End-of-Service-Life Buildings for Improved Demolition Waste Management through Automated Demolition Waste Audit,"Omer, Muhammad (57209220242); Wang, Yong C. (10040890000); Quintana Roma, Mikel (59234670100); Bedrich, Stanislav (59234294200); Nežerka, Václav (55697865600); Ferriz-Papi, Juan (59234407300); Moros Montanes, Jesus J. (59234294300); Diez Ortiz, Ines (59234480700)",2024,Environments - MDPI,10.3390/environments11070138,Multidisciplinary Digital Publishing Institute (MDPI)
A modular ontology modeling approach to developing digital product passports to promote circular economy in the built environment,"Kebede, Rahel (57943619000); Moscati, Annika (57215358407); Tan, He (57198662890); Johansson, Peter (57225451766)",2024,Sustainable Production and Consumption,10.1016/j.spc.2024.05.007,Elsevier B.V.
"Integration of point cloud, historical records, and condition assessment data in HBIM","Chelaru, Bogdan (58918466400); Onuțu, Cătălin (57945598600); Ungureanu, Gabriela (56480309400); Șerbănoiu, Adrian Alexandru (56472749400)",2024,Automation in Construction,10.1016/j.autcon.2024.105347,Elsevier B.V.
Material Passport for Modular Construction,"Yilmaz, Gokcen (56028635200); Hutton, Chloe (59540196300); Valsaladas, Vishnu (59539371200); Donovan, Chloe (59539371300); Zvirgzda, Krista (59540196400); Charlson, Andrea (51561148400); Heaton, Rachel (59539705100); Suc, Christa (59539705200); Ahmed-Kristensen, Saeema (58570337100)",2024,IET Conference Proceedings,10.1049/icp.2024.3501,Institution of Engineering and Technology
Incorporating Environmental Impacts and End-of-Life Potential for Sustainable Asset Management Decision-Making,"Thilakarathna, Lahiru (59367105700); Weerasinghe, Nilmini (56789919600); Edirisinghe, Ruwini (55921659400); Setunge, Sujeeva (6602559307)",2024,Lecture Notes in Mechanical Engineering,10.1007/978-3-031-59042-9_10,Springer Science and Business Media Deutschland GmbH
EQUIRECTANGULAR 360°IMAGE DATASET FOR DETECTING REUSABLE CONSTRUCTION COMPONENTS,"Laranjo, Ana Bendiek (59319091700); Hunhevicz, Jens J. (57217925661); Menzel, Karsten (56220558000); De Wolf, Catherine (57189463041)",2024,Proceedings of the European Conference on Computing in Construction,10.35490/EC3.2024.266,European Council on Computing in Construction (EC3)
Accessing Hidden Material Flows in the Swiss Built Environment: A Parametric Predictive Model for Building Systems' Components Reuse Estimation,"Xiong, S. (59185334200); Escamilla, E.Z. (54880540600); Habert, G. (8391064400)",2024,IOP Conference Series: Earth and Environmental Science,10.1088/1755-1315/1363/1/012049,Institute of Physics
SCALABILITY IN BUILDING COMPONENT DATA ANNOTATION: ENHANCING FAÇADE MATERIAL CLASSIFICATION WITH SYNTHETIC DATA,"Harrison, Josie (59124738600); Hollberg, Alexander (57140631100); Yu, Yinan (55514069900)",2024,Proceedings of the European Conference on Computing in Construction,10.35490/EC3.2024.197,European Council on Computing in Construction (EC3)
Recovery of historic real estate: Life Cycle Costing and economic feasibility,"Calabrò, Francesco (55988892300); Minniti, Giovanna E. (59544272700); Fotia, Antonino (57191895403); Pucinotti, Raffaele (12794077600)",2024,Procedia Structural Integrity,10.1016/j.prostr.2024.09.181,Elsevier B.V.
Quantification of Moisture in Masonry via AI-Evaluated Broadband Radar Reflectometry,"Frenzel, Daniel (58514515400); Blaschke, Oliver (58295917700); Franzen, Christoph (7006859380); Brand, Felix (57226437345); Haas, Franziska (57201736673); Troi, Alexandra (55318841500); Drese, Klaus Stefan (6603400943)",2023,Heritage,10.3390/heritage6070266,Multidisciplinary Digital Publishing Institute (MDPI)
Integration of Photogrammetric Survey Technique with Hygrothermal Assessment for Architectural Heritage Survey and Analysis: A case study of Dragon Pagoda in China,"Wang, Xiaolu (58182954200); Liu, Ying (59425973400); Liu, Hanfang (54380409900)",2024,Proceedings of the International Conference on Education and Research in Computer Aided Architectural Design in Europe,,Education and research in Computer Aided Architectural Design in Europe
Machine learning models for the prediction of polychlorinated biphenyls and asbestos materials in buildings,"Wu, Pei-Yu (57226309605); Sandels, Claes (36700494800); Johansson, Tim (55358172000); Mangold, Mikael (55246691000); Kristina Mjörnell (58648520700)",2023,"Resources, Conservation and Recycling",10.1016/j.resconrec.2023.107253,Elsevier B.V.
"Modeling construction and demolition waste quantities in Tanta City, Egypt: a synergistic approach of remote sensing, geographic information system, and hybrid fuzzy neural networks","Elshaboury, Nehal (57216611553); AlMetwaly, Wael M. (57788987400)",2023,Environmental Science and Pollution Research,10.1007/s11356-023-29735-8,Springer Science and Business Media Deutschland GmbH
UNCOVERING THE CIRCULAR POTENTIAL: ESTIMATING MATERIAL FLOWS FOR BUILDING SYSTEMS COMPONENTS REUSE IN THE SWISS BUILT ENVIRONMENT,"Xiong, Shuyan (59185334200); Escamilla, Edwin Zea (54880540600); Habert, Guillaume (8391064400)",2024,Proceedings of the International Conference on Computer-Aided Architectural Design Research in Asia,,The Association for Computer-Aided Architectural Design Research in Asia
Modeling of highly loaded distributed system supporting the process of assessing the technical condition of objects,"Yehorov, Oleksii (59532242200); Volokh, Bohdan (58613682200); Bosenko, Ihor (58614273900); Yeremenko, Bohdan (57192685422); Terenchuk, Svitlana (57192679633)",2024,CEUR Workshop Proceedings,,CEUR-WS
Determining Material Properties of a Historical Industrial Steel Frame Structure,"Burzic, Emina (58782072100); Iskander, George (54980756400); Duncan, Neil A. (7006700868); Shrive, Nigel G. (7005607986)",2024,Lecture Notes in Civil Engineering,10.1007/978-3-031-61531-3_11,Springer Science and Business Media Deutschland GmbH
Estimating the Circularity of Building Elements using Building Information Modelling,"Gbenga John, O. (59217149600); Forth, K. (57211216901); Theißen, S. (57217931126); Borrmann, A. (14824718700)",2024,IOP Conference Series: Earth and Environmental Science,10.1088/1755-1315/1363/1/012043,Institute of Physics
Semantic interoperability for cultural heritage conservation: Workflow from ontologies to a tool for managing and sharing data,"Moyano, Juan (57193956769); Pili, Alessandra (57202389503); Nieto-Julián, Juan E. (57204279028); Della Torre, Stefano (6508010123); Bruno, Silvana (57198898259)",2023,Journal of Building Engineering,10.1016/j.jobe.2023.107965,Elsevier Ltd
Monitoring biological degradation of historical stone using hyperspectral imaging,"Matoušková, Eva (56556512100); Kovářová, Kateřina (57202315132); Cihla, Michal (57223638445); Hodač, Jindřich (57202904901)",2024,European Journal of Remote Sensing,10.1080/22797254.2023.2220565,Taylor and Francis Ltd.
EEI-NET: EDGE-ENHANCED INTERPOLATION NETWORK FOR SEMANTIC SEGMENTATION OF HISTORICAL BUILDING POINT CLOUDS,"Xue, Yaqian (58838709500); Zhang, Ruiju (56164017600); Wang, Jian (57208161128); Zhao, Jianghong (35197611500); Pang, Lei (55431203400)",2023,"ISPRS Annals of the Photogrammetry, Remote Sensing and Spatial Information Sciences",10.5194/isprs-annals-X-1-W1-2023-239-2023,Copernicus Publications
Point Cloud-Based Historical Building Information Modeling (H-BIM) in Urban Heritage Documentation Studies,"Karasaka, Lutfiye (56085122600); Ulutas, Neslisah (58491983800)",2023,Sustainability (Switzerland),10.3390/su151310726,Multidisciplinary Digital Publishing Institute (MDPI)
Digital workflow to support the reuse of precast concrete and estimate the climate benefit,"Dervishaj, Arlind (56536944900); Gudmundsson, Kjartan (29067789600); Malmqvist, Tove (35366863800)",2024,IOP Conference Series: Earth and Environmental Science,10.1088/1755-1315/1402/1/012026,Institute of Physics
"A Data Processing Methodology to Analyze Construction and Demolition Dynamics in the European Metropolis of Lille, France","Simba, Cédric Mpié (58666985300); Lemelin, Emmanuel (57912746200); Masson, Eric (37461894600); Senouci, Ahmed (7004839380); Maherzi, Walid (56403236300)",2023,Buildings,10.3390/buildings13102671,Multidisciplinary Digital Publishing Institute (MDPI)
From Material Cadastres to a Materiality Informed City Information Modelling,"Schiller, G. (12788191600); Gruhler, K. (9639924700); Zhang, N. (57209796656); Blum, A. (55439643100)",2024,IOP Conference Series: Earth and Environmental Science,10.1088/1755-1315/1363/1/012084,Institute of Physics
Data-driven prediction of construction and demolition waste generation using limited datasets in developing countries: an optimized extreme gradient boosting approach,"Maged, Ahmed (57191261382); Elshaboury, Nehal (57216611553); Akanbi, Lukman (57196260329)",2024,"Environment, Development and Sustainability",10.1007/s10668-024-04814-z,Springer Science and Business Media B.V.
Parametric Archetype A Synthetic Digital Method of Building Material Stock Representation Based on Distance Measurement,"Pei, Wanyu (57219209543); Stouffs, Rudi (6506322664)",2023,"Habits of the Anthropocene: Scarcity and Abundance in a Post-Material Economy - Proceedings of the 43rd Annual Conference of the Association for Computer Aided Design in Architecture, ACADIA 2023",,Association for Computer Aided Design in Architecture
A Preliminary Study of 3D Vernacular Documentation for Conservation and Evaluation: A Case Study in Keraton Kasepuhan Cirebon,"Trisyanti, Shafarina Wahyu (57200755842); Suwardhi, Deni (53870569100); Purnama, Iwan (58124434300); Wikantika, Ketut (6603393238)",2023,Buildings,10.3390/buildings13020546,MDPI
Modelling Precast Concrete for a Circular Economy in the Built Environment: Level of Information Need guidelines for digital design and collaboration,"Dervishaj, Arlind (56536944900); Fonsati, Arianna (57203287238); Vargas, José Hernández (58035175600); Gudmundsson, Kjartan (29067789600)",2023,Proceedings of the International Conference on Education and Research in Computer Aided Architectural Design in Europe,,Education and research in Computer Aided Architectural Design in Europe
DRIVING CIRCULARITY WITH TOTAL BIM: AN INTEGRATED APPROACH TO DATA-DRIVEN DESIGN,"Disney, Oliver (57322165700); Roupé, Mattias (10041142400); Johansson, Mikael (57211528948)",2023,"Proceedings of the 39th Annual ARCOM Conference: Constructing for the Future, ARCOM 2023",,Association of Researchers in Construction Management
Collaborative Workflow in an HBIM Project for the Restoration and Conservation of Cultural Heritage,"Nieto-Julián, Juan Enrique (57204279028); Farratell, Javier (57733013300); Bouzas Cavada, Manuel (57712670500); Moyano, Juan (57193956769)",2023,International Journal of Architectural Heritage,10.1080/15583058.2022.2073294,Taylor and Francis Ltd.
Life cycle-oriented decision making based on data-driven building models,"Bartels, Niels (57204470034); Pleuser, Josephine (58627616300); Schroeder, Timo (58297247000)",2023,Proceedings of the International Symposium on Automation and Robotics in Construction,10.22260/ISARC2023/0099,International Association for Automation and Robotics in Construction (IAARC)
Historical Arch Bridges-Deterioration and Restoration Techniques,"Azar, Amin Bagherzadeh (58540070700); Sari, Ali (56890650700)",2023,Civil Engineering Journal (Iran),10.28991/CEJ-2023-09-07-010,Salehan Institute of Higher Education
ZeroWaste - Towards Computing Cooperative Robotic Sequences for the Disassembly and Reuse of Timber Frame Structures,"Bruun, Edvard P.G. (56654386000); Besler, Erin (56453391600); Adriaenssens, Sigrid (25521292500); Parascho, Stefana (56826026400)",2023,"Hybrids and Haecceities - Proceedings of the 42nd Annual Conference of the Association for Computer Aided Design in Architecture, ACADIA 2022",,ACADIA
ENABLING REUSE OF PREFABRICATED CONCRETE COMPONENTS THROUGH MULTIPLE TRACKING TECHNOLOGIES AND DIGITAL TWINS,"Dervishaj, Arlind (56536944900); Vargas, José Hernández (58035175600); Gudmundsson, Kjartan (29067789600)",2023,Proceedings of the European Conference on Computing in Construction,10.35490/EC3.2023.220,European Council on Computing in Construction (EC3)
Deep Learning-Based Swot Analysis In Construction and Demolition Waste Management,"Rema, R. (57205364127); Nalanth, N. (56096248200)",2023,Intelligent Automation and Soft Computing,10.32604/iasc.2023.032540,Tech Science Press
Automating building element detection for deconstruction planning and material reuse: A case study,"Gordon, Matthew (57223035035); Batallé, Anna (58018552700); De Wolf, Catherine (57189463041); Sollazzo, Aldo (57202399919); Dubor, Alexandre (57195152614); Wang, Tong (57201439825)",2023,Automation in Construction,10.1016/j.autcon.2022.104697,Elsevier B.V.
Image-based 3D modeling as a damage prioritization tool for historic buildings in post-disaster areas: The case of the 2020 Beirut blast,"Kallas, Joe (58365217600); Napolitano, Rebecca (57194621055)",2023,Journal of Cultural Heritage,10.1016/j.culher.2023.06.007,Elsevier Masson s.r.l.
"HBIM tools for knowledge, maintenance and conservation of concrete built heritage","Agliata, Rosa (57193698833); D’aponte, Dafne (58284859100); Lione, Raffaella (57212152073); Mollo, Luigi (37089422000)",2023,Vitruvio,10.4995/vitruvioijats.2023.19674,Universidad Politecnica de Valencia.
PREDICTING RECOVERABLE MATERIAL STOCK IN BUILDINGS: USING MACHINE LEARNING WITH PRE-DEMOLITION AUDIT DATA AS A CASE STUDY,"Kobylinska, Natalia Ewa (58018848700); Raghu, Deepika (57895375000); Gordon, Matthew (57223035035); Hunhevicz, Jens (57217925661); De Wolf, Catherine (57189463041)",2023,Proceedings of the European Conference on Computing in Construction,10.35490/EC3.2023.184,European Council on Computing in Construction (EC3)
Building feature-based machine learning regression to quantify urban material stocks: A Hong Kong study,"Yuan, Liang (57221944503); Lu, Weisheng (24173836000); Xue, Fan (56720069500); Li, Maosu (57438025200)",2023,Journal of Industrial Ecology,10.1111/jiec.13348,John Wiley and Sons Inc
An Application of Machine Learning Algorithms by Synergetic Use of SAR and Optical Data for Monitoring Historic Clusters in Cypriot Cities,"Tzima, Maria Spyridoula (8575885700); Agapiou, Athos (35188628700); Lysandrou, Vasiliki (55849062200); Artopoulos, Georgios (15072536500); Fokaides, Paris (16241526400); Chrysostomou, Charalambos (26023118300)",2023,Energies,10.3390/en16083461,MDPI
A Scan-To-bim process for the monitoring and conservation of the architectural heritage: Integration of thematic information in a hbim model,"Ferro, A. (58486092000); Lo Brutto, M. (56070163200); Ventimiglia, G.M. (58485672700)",2023,"International Archives of the Photogrammetry, Remote Sensing and Spatial Information Sciences - ISPRS Archives",10.5194/isprs-Archives-XLVIII-M-2-2023-549-2023,International Society for Photogrammetry and Remote Sensing
Semi-automatic classification of digital heritage on the Aïoli open source 2D/3D annotation platform via machine learning and deep learning,"Croce, Valeria (57204642906); Manuel, Adeline (57198168106); Caroti, Gabriella (35316853200); Piemonte, Andrea (35389579400); De Luca, Livio (8297282700); Véron, Philippe (7004130381)",2023,Journal of Cultural Heritage,10.1016/j.culher.2023.05.017,Elsevier Masson s.r.l.
Digitalised circular construction supply chain: An integrated BIM-Blockchain solution,"Elghaish, Faris (57208000956); Hosseini, M. Reza (57193617746); Kocaturk, Tuba (36182774700); Arashpour, Mehrdad (55520813200); Bararzadeh Ledari, Masoomeh (57221272178)",2023,Automation in Construction,10.1016/j.autcon.2023.104746,Elsevier B.V.
"Advanced, multidisciplinary, interoperable digitisation of cultural heritage and user-friendly use of the results: Case study of the cathedral of santa maria assunta in cividale del friuli (ud)","Canevese, E.P. (24485557200); Cuttini, R. (58486674200); Bertani, I. (58581302800)",2023,"International Archives of the Photogrammetry, Remote Sensing and Spatial Information Sciences - ISPRS Archives",10.5194/isprs-Archives-XLVIII-M-2-2023-349-2023,International Society for Photogrammetry and Remote Sensing
"3DCITYMODELS TO SUPPORT TECHNICAL KNOWLEDGE AND MANAGEMENT OF HISTORIC BUILT ENVIRONMENTS. A SEMANTIC CITYGML-BASED MODEL FOR THE ANCIENT CORE OF CAROVIGNO (BR), ITALY","Lasorella, Margherita (57218998225); Cantatore, Elena (56785724700)",2023,SCIRES-IT,10.2423/i22394303v13n1p101,Caspur -Ciber Publishing
Diagnostic Process of an Ancient Colonnade Using 3D High-Resolution Models with Non-Invasive Multi Techniques,"Casula, Giuseppe (7004905743); Fais, Silvana (7004542445); Cuccuru, Francesco (56572740400); Bianchi, Maria Giovanna (36463188200); Ligas, Paola (14040528200)",2023,Sensors,10.3390/s23063098,MDPI
Application of Geomatics Techniques for Cultural Heritage Mapping and Creation of an Unsafe Buildings' Cadastre,"Barrile, Vincenzo (56119224700); Genovese, Emanuela (58106693400); Meduri, Giuseppe Maria (35318367200)",2023,WSEAS Transactions on Environment and Development,10.37394/232015.2023.19.75,World Scientific and Engineering Academy and Society
"Adoption of Digital Technologies for Heritage Conservation: the Case of Al-Busaidy Heritage Site, Mombasa County, Kenya","Boit, Brian (58713189500); Oyuga, Joel (57392573800); Kedogo, Joseph (58713624200)",2023,IEEE AFRICON Conference,10.1109/AFRICON55910.2023.10293529,Institute of Electrical and Electronics Engineers Inc.
Identifying key parameters for BIM-based disassembly planning,"Sanchez, Benjamin (57200699857); Herthogs, Pieter (56205626800); Stouffs, Rudi (6506322664)",2023,Proceedings of the International Symposium on Automation and Robotics in Construction,10.22260/ISARC2023/0007,International Association for Automation and Robotics in Construction (IAARC)
CONJUGATED MATERIALITY: Reinstating Material Circularity via Digital Twins,"Garg, Nipun (59196964400); Huang, Sheng-Yang (58611956500)",2023,Proceedings of the International Conference on Computer-Aided Architectural Design Research in Asia,10.52842/conf.caadria.2023.1.705,The Association for Computer-Aided Architectural Design Research in Asia
RFID-based traceability system for constructional steel reuse,"Hradil, P. (55493413600); Jaakkola, K. (6602656012); Tuominen, K. (58919205600)",2023,"Life-Cycle of Structures and Infrastructure Systems - Proceedings of the 8th International Symposium on Life-Cycle Civil Engineering, IALCCE 2023",10.1201/9781003323020-159,CRC Press/Balkema
The development of a 2d/3d bim-gis web platform for planned maintenance of built and cultural heritage: The main10ance project,"Colucci, E. (57194552864); Iacono, E. (57226119431); Matrone, F. (57195330111); Ventura, G.M. (57442056200)",2023,"International Archives of the Photogrammetry, Remote Sensing and Spatial Information Sciences - ISPRS Archives",10.5194/isprs-Archives-XLVIII-M-2-2023-433-2023,International Society for Photogrammetry and Remote Sensing
Exploring the Potential of iPad-LiDAR Technology for Building Renovation Diagnosis: A Case Study,"Mêda, Pedro (55295552000); Calvetti, Diego (57219401335); Sousa, Hipólito (56152725700)",2023,Buildings,10.3390/buildings13020456,MDPI
A Danish model of building macro-components to promote circularity,"Francart, N. (57200300261); Gummidi, S.R.B. (57208779486); Hoxha, E. (55936638500); Birgisdottir, H. (14324521100)",2023,Journal of Physics: Conference Series,10.1088/1742-6596/2600/19/192001,Institute of Physics
Study of the Adequacy of the Bim Model in the Survey of Damaged Building Objects,"Rashkivskyi, Volodymyr (58614422200); Demianenko, Roman (59011101200)",2023,"SIST 2023 - 2023 IEEE International Conference on Smart Information Systems and Technologies, Proceedings",10.1109/SIST58284.2023.10223588,Institute of Electrical and Electronics Engineers Inc.
Digitalization for a circular economy in the building industry: Multiple-case study of Dutch social housing organizations,"Çetin, Sultan (57222071860); Gruis, Vincent (6507557251); Straub, Ad (16481719400)",2022,"Resources, Conservation and Recycling Advances",10.1016/j.rcradv.2022.200110,Elsevier Inc.
VERBUM - VIRTUAL ENHANCED REALITY FOR BUILDING MODELLING (VIRTUAL TECHNICAL TOUR IN DIGITAL TWINS FOR BUILDING CONSERVATION),"Bruno, Silvana (57198898259); Scioti, Albina (55550499300); Pierucci, Alessandra (57192991675); Rubino, Rocco (57188669071); Di Noia, Tommaso (6508366184); Fatiguso, Fabio (55550584100)",2022,Journal of Information Technology in Construction,10.36680/j.itcon.2022.002,International Council for Research and Innovation in Building and Construction
Automatic Classification of Ancient Building Components Based on PointNet++,"Hu, Chunmei (56286854500); Zhang, Yunhui (58177375400); Xia, Guofang (57202046543); Liu, Xi (57416267800); Ma, Xinjian (57742575700)",2022,"Proceedings - 2022 International Conference on Artificial Intelligence, Information Processing and Cloud Computing, AIIPCC 2022",10.1109/AIIPCC57291.2022.00029,Institute of Electrical and Electronics Engineers Inc.
Bridging the gap - A database tool for BIM-based circularity assessment,"Göswein, V. (57200001559); Carvalho, S. (58327293500); Lorena, A. (36615362400); Fernandes, J. (57200806104); Ferrão, P. (6603743982)",2022,IOP Conference Series: Earth and Environmental Science,10.1088/1755-1315/1078/1/012099,Institute of Physics
An Intelligent Bridge Management and Maintenance Model Using BIM Technology,"Zhou, Zijun (57809632400)",2022,Mobile Information Systems,10.1155/2022/7130546,Hindawi Limited
FROM SCAN-TO-BIM TO HERITAGE BUILDING INFORMATION MODELLING FOR AN ANCIENT ARAB-NORMAN CHURCH,"Aricò, M. (57742379200); Lo Brutto, M. (56070163200)",2022,"International Archives of the Photogrammetry, Remote Sensing and Spatial Information Sciences - ISPRS Archives",10.5194/isprs-archives-XLIII-B2-2022-761-2022,International Society for Photogrammetry and Remote Sensing
Innovative monitoring of the response of a heritage masonry building to nearby tunnelling in London Clay,"Acikgoz, Sinan (55126184000); Luciano, Antonio (57300662800); Dewhirst, Mark (57219053152); Dejong, Matthew J. (16645691200); Mair, Robert (7004888172)",2022,Geotechnique,10.1680/jgeot.19.P.243,ICE Publishing
Developing a heritage BIM shared library for two case studies in Jordan’s heritage: The House of Art in Amman and the Qaqish House in the World Heritage City of As-Salt,"Aburamadan, Rania (57211111162); Trillo, Claudia (56329607500); Cotella, Victoria Andrea (57226342818); Di Perna, Elena (57856166500); Ncube, Chiko (57452510100); Moustaka, Athena (57218491590); Udeaja, Chika (14071976900); Awuah, Kwasi Gyau Baffour (57204957692)",2022,Heritage Science,10.1186/s40494-022-00836-w,Springer Science and Business Media Deutschland GmbH
High frequency GPR in the diagnosis of the state of alteration of a mural by Diego Rivera previous restoration,"Ortega-Ramírez, J. (6603653011); Bano, M. (7006554716); Villa Alvarado, L.A. (57195519175)",2022,Journal of Cultural Heritage,10.1016/j.culher.2022.03.015,Elsevier Masson s.r.l.
Application of Deep Learning Techniques for Thermal Imagery Analysis in Abnormal Identification of Floor Tiles in Heritage Environments,"Yu, Chen-Xin (57212611742); Chen, Wu-Pei (58769088500); Ju, Chin-Yen (58768960300); Chen, Tsung-Yi (57219438018); Li, Kuo-Chen (36602832100); Chen, Chiung-An (23388264100); Chan, Mei-Ling (58032097900); Chen, Shih-Lun (7410255239)",2023,"2023 Asia Pacific Signal and Information Processing Association Annual Summit and Conference, APSIPA ASC 2023",10.1109/APSIPAASC58517.2023.10317400,Institute of Electrical and Electronics Engineers Inc.
Application of Deep Learning Approach for the Classification of Buildings’ Degradation State in a BIM Methodology,"Rodrigues, Fernanda (39862016000); Cotella, Victoria (57226342818); Rodrigues, Hugo (57220807327); Rocha, Eugénio (23971270400); Freitas, Felipe (57193712399); Matos, Raquel (57200634515)",2022,Applied Sciences (Switzerland),10.3390/app12157403,MDPI
TOWARDS CIRCULAR CITIES: DIRECTIONS FOR A MATERIAL PASSPORT ONTOLOGY,"Soman, Ranjith K. (57188757365); Kedir, Firehiwot (57221229203); Hall, Daniel M. (57202684927)",2022,Proceedings of the European Conference on Computing in Construction,10.35490/EC3.2022.212,European Council on Computing in Construction (EC3)
VPL Prototypes for Determining Disassembly Parameters of BIM Models,"Sanchez, B. (57200699857); Rausch, C. (57191860637); Haas, C. (7202620442); Hartmann, T. (24824520900)",2022,Lecture Notes in Civil Engineering,10.1007/978-981-16-6932-3_44,Springer Science and Business Media Deutschland GmbH
"A multi-scalar approach for the study of ancient architecture: Structure for Motion, laser scanning and direct survey of the Roman theatre of Nora (Cagliari, Sardinia)","Previato, Caterina (57205751228); Monego, Michele (57193119196); Menin, Andrea (24481881700); Achilli, Vladimiro (6603827951)",2022,Journal of Archaeological Science: Reports,10.1016/j.jasrep.2022.103440,Elsevier Ltd
USING ENGRAVED QR CODES TO CONNECT BUILDING COMPONENTS TO MATERIALS PASSPORTS FOR CIRCULAR CONSTRUCTION,"Byers, Brandon (57931282900); Cheriyamulla, Shiji (58701212300); Ewason, Jephta (58701384000); Hall, Daniel (57202684927); De Wolf, Catherine (57189463041)",2022,Proceedings of the European Conference on Computing in Construction,10.35490/EC3.2022.226,European Council on Computing in Construction (EC3)
Circular Economy and Construction Supply Chains,"Incorvaja, Dan (58153574200); Celik, Yasin (57337783700); Petri, Ioan (36617625400); Rana, Omer (7003659610)",2022,"Proceedings - 2022 IEEE/ACM 9th International Conference on Big Data Computing, Applications and Technologies, BDCAT 2022",10.1109/BDCAT56447.2022.00019,Institute of Electrical and Electronics Engineers Inc.
HBIM LIBRARY DEVELOPMENT FOR A DORIC TEMPLE COLUMN,"Kontoudaki, A. (57742964400); Georgopoulos, A. (8053177000)",2022,"International Archives of the Photogrammetry, Remote Sensing and Spatial Information Sciences - ISPRS Archives",10.5194/isprs-archives-XLIII-B2-2022-1153-2022,International Society for Photogrammetry and Remote Sensing
GIS and BIM as data sources for sustainable Heritage building retrofit in Basrah City-Iraq,"Dakhil, Ammar Jasim (57209236115); Samir, Hamed H. (57222135921); Alawadi, Wisam (57203816964); Hassan, Ayman Alak (57204525230)",2023,"Proceedings - International Conference on Developments in eSystems Engineering, DeSE",10.1109/DeSE60595.2023.10469382,Institute of Electrical and Electronics Engineers Inc.
HBIM to recovery the trulli in Apulia (Southern Italy),"Delli Santi, M. (57210368405)",2022,Journal of Physics: Conference Series,10.1088/1742-6596/2204/1/012004,Institute of Physics
Artificial intelligence-based automatic visual inspection system for built heritage,"Mansuri, Lukman E. (57212571689); Patel, D.A. (55755999400)",2022,Smart and Sustainable Built Environment,10.1108/SASBE-09-2020-0139,Emerald Publishing
Decision Support System for the Management of Interventions on Buildings in the Historic Centre of Florence: From Conservation to Regeneration,"Acampa, Giovanna (57203481533); Battisti, Fabrizio (57216624546); Grasso, Mariolina (57205119389)",2023,Lecture Notes in Computer Science (including subseries Lecture Notes in Artificial Intelligence and Lecture Notes in Bioinformatics),10.1007/978-3-031-37126-4_22,Springer Science and Business Media Deutschland GmbH
Parametric HBIM Procedure for the Structural Evaluation of Heritage Masonry Buildings,"Croce, Pietro (7007129183); Landi, Filippo (57194167883); Puccini, Benedetta (57217933458); Martino, Massimiliano (57217844565); Maneo, Alessio (57338407200)",2022,Buildings,10.3390/buildings12020194,MDPI
ScanR: A composite building scanning and survey method for the evaluation of materials and reuse potentials prior to demolition and deconstruction,"Heisel, F. (56301502100); McGranahan, J. (57324732200); Boghossian, A. (57912624600)",2022,IOP Conference Series: Earth and Environmental Science,10.1088/1755-1315/1078/1/012012,Institute of Physics
UAV photogrammetric survey and Image-Based elaborations for an Industrial Plant,"Sanseverino, Anna (57869906900); Limongiello, Marco (57191330370); Fiorillo, Fausta (55361336600)",2022,DISEGNARECON,10.20365/disegnarecon.29.2022.15,"University of L'Aquila, Department of Civil Construction, Building and Architecture, Environmental Engineering"
Optimizing H-BIM Workflow for Interventions on Historical Building Elements,"Guerra de Oliveira, Sara (57204953247); Biancardo, Salvatore Antonio (55915639400); Tibaut, Andrej (23502096300)",2022,Sustainability (Switzerland),10.3390/su14159703,MDPI
Incorporating BIM Practices into Reuse Process of Timber: Propositions of a digital workflow and tool for reclaiming structural pieces of wood,"Lebosse, Maxence (57925983800); Halin, Gilles (6508171387); Besanfon, Franck (57925983900); Fuchs, Alain (57925530400)",2022,Proceedings of the International Conference on Education and Research in Computer Aided Architectural Design in Europe,,Education and research in Computer Aided Architectural Design in Europe
Smart building demolition and waste management frame with image-to-BIM,"Hu, Xingyi (57212620346); Zhou, Yin (57213434454); Vanhullebusch, Simon (57430975500); Mestdagh, Robbe (57431376500); Cui, Zhongyu (57431775200); Li, Jiabin (57214680261)",2022,Journal of Building Engineering,10.1016/j.jobe.2022.104058,Elsevier Ltd
Building Change Detection Based on a Gray-Level Co-Occurrence Matrix and Artificial Neural Networks,"Christaki, Marianna (57202505998); Vasilakos, Christos (55223107200); Papadopoulou, Ermioni-Eirini (57214571352); Tataris, Georgios (36651784500); Siarkos, Ilias (36601562400); Soulakellis, Nikolaos (6602660916)",2022,Drones,10.3390/drones6120414,Multidisciplinary Digital Publishing Institute (MDPI)
Photogrammetric survey of vernacular farm buildings for preserving the cultural heritage of rural landscapes,"Picuno, Pietro (6507844931)",2021,Public Recreation and Landscape Protection - With Sense Hand in Hand! Conference Proceedings,,Mendel University in Brno
"Building circularity assessment in the architecture, engineering, and construction industry: A new framework","Zhang, Nuo (57340075700); Han, Qi (57735866200); de Vries, Bauke (57207105192)",2021,Sustainability (Switzerland),10.3390/su132212466,MDPI
Terrestrial laser scanning and satellite data in cultural heritage building documentation,"Karagianni, A. (57190073847)",2021,"International Archives of the Photogrammetry, Remote Sensing and Spatial Information Sciences - ISPRS Archives",10.5194/isprs-archives-XLVI-M-1-2021-361-2021,International Society for Photogrammetry and Remote Sensing
Deep learning model for Demolition Waste Prediction in a circular economy,"Akanbi, Lukman A. (57196260329); Oyedele, Ahmed O. (57211937271); Oyedele, Lukumon O. (15623716300); Salami, Rafiu O. (57192403504)",2020,Journal of Cleaner Production,10.1016/j.jclepro.2020.122843,Elsevier Ltd
A probabilistic predictive model for assessing the economic reusability of load-bearing building components: Developing a Circular Economy framework,"Rakhshan, Kambiz (53878232300); Morel, Jean-Claude (15923548500); Daneshkhah, Alireza (35519340400)",2021,Sustainable Production and Consumption,10.1016/j.spc.2021.01.031,Elsevier B.V.
Lithology mapping of stone heritage via state-of-the-art computer vision,"Ergün Hatir, Mehmet (57202445804); İnce, İsmail (16555121900)",2021,Journal of Building Engineering,10.1016/j.jobe.2020.101921,Elsevier Ltd
An innovative image processing-based framework for the numerical modelling of cracked masonry structures,"Loverdos, Dimitrios (57222084468); Sarhosis, Vasilis (56005560400); Adamopoulos, Efstathios (57190337168); Drougkas, Anastasios (57200366836)",2021,Automation in Construction,10.1016/j.autcon.2021.103633,Elsevier B.V.
Digitizing material passport for sustainable construction projects using BIM,"Atta, Islam (57492375000); Bakhoum, Emad S. (55845161500); Marzouk, Mohamed M. (7005098184)",2021,Journal of Building Engineering,10.1016/j.jobe.2021.103233,Elsevier Ltd
Photogrammetric surveys and gis application for cultural heritage conservation management: A case study from catania's historical buildings,"Stroscio, Antonio (57212492165); Barone, Germana (7102050535); De Guidi, Giorgio (7003777254); Fugazzotto, Maura (57210287722); Occhipinti, Roberta (57191866371); Carnemolla, Francesco (57197716872); Marchese, Salvatore (57200311128); Mazzoleni, Paolo (6602129035)",2021,Italian Journal of Geosciences,10.1590/2178-2547-BGOELDI-2021-E002,Societa Geologica Italiana
Architectural Heritage Virtual Models in Conservation Practice; [Wirtualne modele dziedzictwa architektonicznego a działalność konserwatorska],"Koszewski, Krzysztof (55628444400); Franczuk, Jakub (57471178200); Argasiński, Karol (58040806700)",2021,Wiadomosci Konserwatorskie,10.48234/WK68SHERITAGE,Zarzad Glowny Stowarzyszenia Konserwatorow Zabytkow
A data-driven approach to assess the risk of encountering hazardous materials in the building stock based on environmental inventories,"Wu, Pei-Yu (57226309605); Mjörnell, Kristina (7801503774); Mangold, Mikael (55246691000); Sandels, Claes (36700494800); Johansson, Tim (55358172000)",2021,Sustainability (Switzerland),10.3390/su13147836,MDPI AG
Material (data) intelligence: Towards a circular building environment,"Garcia, Anna Batalle (57223042310); Cebeci, Irem Yagmur (57223037598); Calvo, Roberto Vargas (57223052623); Gordon, Matthew (57223035035)",2021,"Projections - Proceedings of the 26th International Conference of the Association for Computer-Aided Architectural Design Research in Asia, CAADRIA 2021",,The Association for Computer-Aided Architectural Design Research in Asia (CAADRIA)
BIM-based Cultural Heritage Asset Management Tool. Innovative Solution to Orient the Preservation and Valorization of Historic Buildings,"Piaia, Emanuele (22986220900); Maietti, F. (56426613800); Di Giulio, R. (55574219360); Schippers-Trifan, O. (57215610675); Van Delft, A. (7004000798); Bruinenberg, S. (57200406928); Olivadese, R. (57215611969)",2021,International Journal of Architectural Heritage,10.1080/15583058.2020.1734686,"Bellwether Publishing, Ltd."
SUSTAINABLE STRATEGIES FOR THE DEVELOPMENT OF UNESCO SITES: THE MEDINA OF MARRAKECH; [STRATEGIE PER LO SVILUPPO SOSTENIBILE DEI SITI UNESCO: LA MEDINA DI MARRAKECH],"Gomih, Sofia (57415039900); Leporelli, Emanuele (57205643931); Martino, Massimiliano (57217844565); Santi, Giovanni (57204722117)",2021,Sustainable Mediterranean Construction,,Luciano Editore
Monumental arc 3d model reconstruction through bim technology,"Bernardo, Ernesto (57208747547); Bilotta, Giuliana (24502843200)",2021,"Smart Innovation, Systems and Technologies",10.1007/978-3-030-48279-4_148,Springer Science and Business Media Deutschland GmbH
A probabilistic performance evaluation for buildings and constructed assets,"Bortolini, Rafaela (57192435911); Forcada, Núria (23090858300)",2020,Building Research and Information,10.1080/09613218.2019.1704208,Routledge
A framework for BIM-based disassembly models to support reuse of building components,"Sanchez, Benjamin (57200699857); Rausch, Christopher (57191860637); Haas, Carl (7202620442); Hartmann, Timo (24824520900)",2021,"Resources, Conservation and Recycling",10.1016/j.resconrec.2021.105825,Elsevier B.V.
Investigating Surface Fractures and Materials Behavior of Cultural Heritage Buildings Based on the Attribute Information of Point Clouds Stored in the TLS Dataset,"Alkadri, Miktha Farid (57195296334); Alam, Syaiful (57446847800); Santosa, Herry (57212109827); Yudono, Adipandang (57204221943); Beselly, Sebrian Mirdeklis (57222510507)",2022,Remote Sensing,10.3390/rs14020410,MDPI
Uses of building information modelling for overcoming barriers to a circular economy,"Charef, Rabia (57202070229); Emmitt, Stephen (6506090821)",2021,Journal of Cleaner Production,10.1016/j.jclepro.2020.124854,Elsevier Ltd
From survey to semantic representation for cultural heritage: The 3D modelling of recurring architectural elements,"Croce, Valeria (57204642906); Caroti, Gabriella (35316853200); Piemonte, Andrea (35389579400); Bevilacqua, Marco Giorgio (36830569500)",2021,Acta IMEKO,10.21014/ACTA_IMEKO.V10I1.842,International Measurement Confederation (IMEKO)
A comparative analysis of quantification and validation methods for prospecting the anthropogenic mine as material reserve for circular construction,"Jawanrudi, Damun (57367153000); McGranahan, Joseph (57324732200); Heisel, Felix (56301502100)",2021,Journal of Physics: Conference Series,10.1088/1742-6596/2042/1/012169,IOP Publishing Ltd
Deep neural networks for quantitative damage evaluation of building losses using aerial oblique images: Case study on the great wall (china),"Gong, Yiping (57212709136); Zhang, Fan (55613230864); Jia, Xiangyang (13905127100); Huang, Xianfeng (55545672000); Li, Deren (57212271839); Mao, Zhu (57222271932)",2021,Remote Sensing,10.3390/rs13071321,MDPI AG
Implementing a HBIM approach to manage the translocation of heritage buildings,"Heesom, David (56450921700); Boden, Paul (57216856192); Hatfield, Anthony (55203343300); De Los Santos Melo, Aneuris (57220089581); Czarska-Chukwurah, Farida (57220084790)",2021,"Engineering, Construction and Architectural Management",10.1108/ECAM-06-2020-0405,Emerald Group Holdings Ltd.
HBIM IMPLEMENTATION for AN OTTOMAN MOSQUE. CASE of STUDY: SULTAN MEHMET FATIH II MOSQUE in KOSOVO,"Di Stefano, F. (57208642892); Malinverni, E.S. (14066631000); Pierdicca, R. (56460209100); Fangi, G. (35218778800); Ejupi, S. (57211004597)",2019,"International Archives of the Photogrammetry, Remote Sensing and Spatial Information Sciences - ISPRS Archives",10.5194/isprs-archives-XLII-2-W15-429-2019,International Society for Photogrammetry and Remote Sensing
"Combined methodologies for the survey and documentation of historical buildings: The castle of scalea (cs, italy)","Donato, Eugenio (58399406400); Giuffrida, Dario (57208736756)",2019,Heritage,10.3390/heritage2030146,MDPI
An ICT-enabled Product Service System for Reuse of Building Components,"Ness, D. (7003380184); Xing, K. (14009206800); Kim, K. (57190962762); Jenkins, A. (57197325654)",2019,IFAC-PapersOnLine,10.1016/j.ifacol.2019.11.207,Elsevier B.V.
BIM and semantic web-based maintenance information for existing buildings,"Gouda Mohamed, Ahmed (57213324881); Abdallah, Mohamed Reda (57915857900); Marzouk, Mohamed (7005098184)",2020,Automation in Construction,10.1016/j.autcon.2020.103209,Elsevier B.V.
Investigating Pompeii: Application of 3D geomatic techniques for the study of the Sarno Baths,"Monego, Michele (57193119196); Previato, Caterina (57205751228); Bernardi, Leonardo (57205754263); Menin, Andrea (24481881700); Achilli, Vladimiro (6603827951)",2019,Journal of Archaeological Science: Reports,10.1016/j.jasrep.2019.02.009,Elsevier Ltd
Mechanical and Physical Based Artificial Neural Network Models for the Prediction of the Unconfined Compressive Strength of Rock,"Barham, Wasim S. (8896054400); Rabab’ah, Samar R. (57217075857); Aldeeky, Hussein H. (57189345560); Al Hattamleh, Omar H. (16032737000)",2020,Geotechnical and Geological Engineering,10.1007/s10706-020-01327-0,Springer
The paradigm of a parametric geological model of the surrounding underground space of an array based on a crack of nonzero width,"Shekov, Vitali (56951128300)",2020,"International Multidisciplinary Scientific GeoConference Surveying Geology and Mining Ecology Management, SGEM",10.5593/sgem2020/1.2/s03.044,International Multidisciplinary Scientific Geoconference
A multidisciplinary approach for historic buildings diagnosis: The case study of the kaisariani monastery,"Delegou, Ekaterini T. (6507861124); Mourgi, Georgia (57328501100); Tsilimantou, Elisavet (57191404107); Ioannidis, Charalabos (22134864100); Moropoulou, Antonia (7005901969)",2019,Heritage,10.3390/heritage2020079,MDPI
Post-earthquake recovery phase monitoring and mapping based on UAS data,"Soulakellis, Nikolaos (6602660916); Vasilakos, Christos (55223107200); Chatzistamatis, Stamatis (57201375640); Kavroudakis, Dimitris (54966735900); Tataris, Georgios (36651784500); Papadopoulou, Ermioni-Eirini (57214571352); Papakonstantinou, Apostolos (55040381200); Roussou, Olga (36242420700); Kontos, Themistoklis (8697043300)",2020,ISPRS International Journal of Geo-Information,10.3390/ijgi9070447,MDPI AG
"CONDITION ASSESSMENT of RC BRIDGES. INTEGRATING MACHINE LEARNING, PHOTOGRAMMETRY and BIM","Borin, P. (57195303996); Cavazzini, F. (57211006140)",2019,"International Archives of the Photogrammetry, Remote Sensing and Spatial Information Sciences - ISPRS Archives",10.5194/isprs-archives-XLII-2-W15-201-2019,International Society for Photogrammetry and Remote Sensing
Between images and built form: Automating the recognition of standardised building components using deep learning,"Pezzica, C. (57196037951); Schroeter, J. (59775614100); Prizeman, O.E. (55327353100); Jones, C.B. (56642043500); Rosin, P.L. (7004945120)",2019,"ISPRS Annals of the Photogrammetry, Remote Sensing and Spatial Information Sciences",10.5194/isprs-annals-IV-2-W6-123-2019,Copernicus GmbH
"MOdelling in hbim to document materials decay by a thematic mapping to manage the cultural heritage: The case of ""chiesa della pietà"" in fermo","Malinverni, E.S. (14066631000); Mariano, F. (57194552516); Di Stefano, F. (57208642892); Petetta, L. (57194542631); Onori, F. (59553032400)",2019,"ISPRS Annals of the Photogrammetry, Remote Sensing and Spatial Information Sciences",10.5194/isprs-Archives-XLII-2-W11-777-2019,Copernicus GmbH
Development of Semantically Rich 3D Retrofit Models,"Sadeghineko, Farhad (57202646867); Kumar, Bimal (7401973035)",2020,Journal of Computing in Civil Engineering,10.1061/(ASCE)CP.1943-5487.0000919,American Society of Civil Engineers (ASCE)
A generic process of documentation and data management for historical Malay architecture using bim,"Mustafa, Muhammad Hadi (57203885735); Ali, Maisarah (57115742100); Hashim, Khairusy Syakirin HasYun (56958023300); Suhaimi, Mohamad Saifulnizam Mohd (57200259394)",2020,Planning Malaysia,10.21837/pm.v18i12.744,Malaysian Institute Of Planners
Hbim development of a brazilian modern architecture icon: Glass house by lina bo bardi,"Cuperschmid, Ana Regina Mizrahy (57214538569); Fabricio, Márcio Minto (55710932800); Franco, Júlio César (57328219500)",2019,Heritage,10.3390/heritage2030117,MDPI
Using ground penetrating radar to reveal hidden archaeology: The case study of the württemberg-stambol gate in belgrade (Serbia),"Ristić, Aleksandar (26632700500); Govedarica, Miro (16206935600); Pajewski, Lara (12344632700); Vrtunski, Milan (36700646800); Bugarinović, Željko (57189988440)",2020,Sensors (Switzerland),10.3390/s20030607,MDPI AG
Learning to extract buildings from ultra-high-resolution drone images and noisy labels,"Ahmed, Nahian (57205327364); Mahbub, Riasad Bin (57209414262); Rahman, Rashedur M. (57202814494)",2020,International Journal of Remote Sensing,10.1080/01431161.2020.1763496,Taylor and Francis Ltd.
3D city models for urban mining: Point cloud based semantic enrichment for spectral variation identification in hyperspectral imagery,"Ruben, P.A. (57219308076); Sileryte, R. (57190759179); Agugiaro, G. (55053263400)",2020,"ISPRS Annals of the Photogrammetry, Remote Sensing and Spatial Information Sciences",10.5194/isprs-Annals-V-4-2020-223-2020,Copernicus GmbH
Resolving deterioration of heritage building elements using an expert system,"Marzouk, Mohamed (7005098184); ElSharkawy, Maryam (57215409777); Elsayed, Pakinam (57217169347); Eissa, Aya (57969059800)",2020,International Journal of Building Pathology and Adaptation,10.1108/IJBPA-12-2019-0106,Emerald Group Holdings Ltd.
Implementing Building Information Modelling for the Reconstruction Process of Unfinished Building Projects,"Lukianova, Tetiana (58527208600); Donenko, Vasyl (57217279058); Klein, Ralf (7404358331)",2020,"2020 IEEE European Technology and Engineering Management Summit, E-TEMS 2020",10.1109/E-TEMS46250.2020.9111794,Institute of Electrical and Electronics Engineers Inc.
Uav photogrammetry for resilience management in reconstruction plan of urban historical centres after seismic events. A Case Study,"Alicandro, M. (56081247000); Rotilio, M. (35213811800)",2019,"ISPRS Annals of the Photogrammetry, Remote Sensing and Spatial Information Sciences",10.5194/isprs-Archives-XLII-2-W11-55-2019,Copernicus GmbH
GIS and BIM as integrated digital environments for modeling and monitoring of historic buildings,"Tsilimantou, Elisavet (57191404107); Delegou, Ekaterini T. (6507861124); Nikitakos, Ioannis A. (57215650613); Ioannidis, Charalabos (22134864100); Moropoulou, Antonia (7005901969)",2020,Applied Sciences (Switzerland),10.3390/app10031078,MDPI AG
Artificial intelligence applied to the preventive conservation of heritage buildings,"Prieto, A.J. (7103188209); Ortiz, R. (57197640032); Macías-Bernal, J.M. (56113186500); Chávez, M.J. (7103119100); Ortiz, P. (36444025700)",2020,"Science and Digital Technology for Cultural Heritage - Interdisciplinary Approach to Diagnosis, Vulnerability, Risk Assessment and Graphic Information Models - Proceedings of the 4th International Congress Science and Technology for the conservation of cultural heritage, TECHNOHERITAGE 2019",10.1201/9780429345470-45,CRC Press/Balkema
BIM for Heritage Documentation An ontology-based approach,"Dezen-Kempter, Eloisa (57191557302); Cogima, Camila Kimi (57202323816); de Paiva, Pedro Victor Vieira (57202319866); de Carvalho, Marco Antonio Garcia (7101893707)",2018,Proceedings of the International Conference on Education and Research in Computer Aided Architectural Design in Europe,,Education and research in Computer Aided Architectural Design in Europe
Developing verification systems for building information models of heritage buildings with heterogeneous datasets,"Chow, L. (57195937214); Fai, S. (54079611600)",2017,"International Archives of the Photogrammetry, Remote Sensing and Spatial Information Sciences - ISPRS Archives",10.5194/isprs-archives-XLII-2-W5-125-2017,International Society for Photogrammetry and Remote Sensing
An exploration of BIM and lean interaction in optimizing demolition projects,"Elmaraghy, Ahmed (57204669100); Voordijk, Hans (6602399451); Marzouk, Mohamed (7005098184)",2018,IGLC 2018 - Proceedings of the 26th Annual Conference of the International Group for Lean Construction: Evolving Lean Construction Towards Mature Production Management Across Cultures and Frontiers,10.24928/2018/0474,The International Group for Lean Construction
Integrating bim and gis data to support the management of large building stocks,"Vacca, Giuseppina (55600869500); Quaquero, Emanuela (55931276200); Pili, Davide (57194541885); Brandolini, Mauro (57202441623)",2018,"International Archives of the Photogrammetry, Remote Sensing and Spatial Information Sciences - ISPRS Archives",10.5194/isprs-archives-XLII-4-647-2018,International Society for Photogrammetry and Remote Sensing
3D information management system for the conservation of an old deserted military site,"Malinverni, Eva S. (14066631000); Giuliano, Andrea A. (57202951225); Mariano, Fabio (57194552516)",2018,"2018 IEEE International Conference on Metrology for Archaeology and Cultural Heritage, MetroArchaeo 2018 - Proceedings",10.1109/MetroArchaeo43810.2018.13618,Institute of Electrical and Electronics Engineers Inc.
DATA-DRIVEN RIGHTSIZING: INTEGRATING PRESERVATION into the LEGACY CITIES LANDSCAPE,"Evans, Emilie (57195940133); Grosicki, Briana (57195942241)",2017,"ISPRS Annals of the Photogrammetry, Remote Sensing and Spatial Information Sciences",10.5194/isprs-annals-IV-2-W2-83-2017,Copernicus GmbH
AUTOMATED CLASSIFICATION of HERITAGE BUILDINGS for AS-BUILT BIM USING MACHINE LEARNING TECHNIQUES,"Bassier, M. (57191962971); Vergauwen, M. (6602413782); Van Genechten, B. (24503806900)",2017,"ISPRS Annals of the Photogrammetry, Remote Sensing and Spatial Information Sciences",10.5194/isprs-annals-IV-2-W2-25-2017,Copernicus GmbH
Leveraging BIM for digital built environment asset management,"Re Cecconi, Fulvio (57219603975); Maltese, Sebastiano (56205934800); Dejaco, Mario Claudio (56394428600)",2017,Innovative Infrastructure Solutions,10.1007/s41062-017-0061-z,Springer
Scan-to-bim output validation: Towards a standardized geometric quality assessment of building information models based on point clouds,"Bonduel, M. (57203372641); Bassier, M. (57191962971); Vergauwen, M. (6602413782); Pauwels, P. (36661189900); Klein, R. (7404358331)",2017,"International Archives of the Photogrammetry, Remote Sensing and Spatial Information Sciences - ISPRS Archives",10.5194/isprs-archives-XLII-2-W8-45-2017,International Society for Photogrammetry and Remote Sensing
Coupling Point Cloud Completion and Surface Connectivity Relation Inference for 3D Modeling of Indoor Building Environments,"Xiao, Yong (56430225600); Taguchi, Yuichi (36752896200); Kamat, Vineet R. (7004477339)",2018,Journal of Computing in Civil Engineering,10.1061/(ASCE)CP.1943-5487.0000776,American Society of Civil Engineers (ASCE)
Populating a library of reusable H-BOMs: Assessment of a feasible image based modeling workflow,"Santagati, C. (55439919200); Lo Turco, M. (35292867200); D'Agostino, G. (55440252500)",2017,"International Archives of the Photogrammetry, Remote Sensing and Spatial Information Sciences - ISPRS Archives",10.5194/isprs-archives-XLII-2-W5-627-2017,International Society for Photogrammetry and Remote Sensing
"Architectural survey and analysis of the costal tower of S. Maria dell'Alto in Nardò (Lecce, Italy).","Gabellone, Francesco (35218814100); Ferrari, Ivan (56080795200); Giuri, Alessandro (57215183704); Giuri, Francesco (57190031073)",2019,"2019 IMEKO TC4 International Conference on Metrology for Archaeology and Cultural Heritage, MetroArchaeo 2019",,IMEKO-International Measurement Federation Secretariat
NDT as a monitoring tool of the works progress and the assessment of materials and rehabilitation interventions at the Holy Aedicule of the Holy Sepulchre,"Alexakis, Emm. (57003490600); Delegou, E.T. (6507861124); Lampropoulos, K.C. (56868465700); Apostolopoulou, M. (57200629031); Ntoutsi, I. (57201652211); Moropoulou, A. (7005901969)",2018,Construction and Building Materials,10.1016/j.conbuildmat.2018.09.007,Elsevier Ltd
Using scan-to-BIM techniques to find optimal modeling effort; a methodology for adaptive reuse projects,"Esfahani, M. Esnaashary (57210794974); Eray, E. (57205160270); Chuo, S. (57210808056); Sharif, M.M. (57206138362); Haas, C. (7202620442)",2019,"Proceedings of the 36th International Symposium on Automation and Robotics in Construction, ISARC 2019",,International Association for Automation and Robotics in Construction I.A.A.R.C)
Modelling and accuracy in a bim environment for planned conservation: The apartment of troia of Giulio Romano,"Adami, A. (56542979000); Scala, B. (57225280910); Spezzoni, A. (57189094443)",2017,"International Archives of the Photogrammetry, Remote Sensing and Spatial Information Sciences - ISPRS Archives",10.5194/isprs-archives-XLII-2-W3-17-2017,International Society for Photogrammetry and Remote Sensing
A semantic web-based approach for generating parametric models using RDF,"Sadeghineko, Farhad (57202646867); Kumar, Bimal (58904969600); Chan, Warren (55471377200)",2018,Lecture Notes in Computer Science (including subseries Lecture Notes in Artificial Intelligence and Lecture Notes in Bioinformatics),10.1007/978-3-319-91638-5_20,Springer Verlag
BIM Modelling of Ancient Buildings,"Scianna, Andrea (55601933400); Gaglio, Giuseppe Fulvio (57204392325); La Guardia, Marcello (58486031800)",2018,Lecture Notes in Computer Science (including subseries Lecture Notes in Artificial Intelligence and Lecture Notes in Bioinformatics),10.1007/978-3-030-01762-0_29,Springer Verlag
"From TSL survey to HBIM, issues on survey and information modeling implementation for the built heritage The case study of the Temple di Bacco Ravello","D'amico, Alessandro (57192178210); Currà, Edoardo (57191578725)",2017,Proceedings of the International Conference on Education and Research in Computer Aided Architectural Design in Europe,,Education and research in Computer Aided Architectural Design in Europe
Mapping the lithoceramic claddings conservation status in a BIM environment,"Villa, Valentina (56522730000); Mangosio, Marika (57196076823); Garda, Emilia (57196080713)",2018,Proceedings of International Structural Engineering and Construction,,ISEC Press
Metric survey and bim technologies to record decay conditions,"Turco, M.Lo. (35292867200); Mattone, M. (55901890800); Rinaudo, F. (6505516700)",2017,"International Archives of the Photogrammetry, Remote Sensing and Spatial Information Sciences - ISPRS Archives",10.5194/isprs-Archives-XLII-5-W1-261-2017,International Society for Photogrammetry and Remote Sensing
"DiscoVRCoolTour: Discovering, Capturing and Experiencing Cultural Heritage and Events Using Innovative 3D Digitisation Technologies and Affordable Consumer Electronics","Makropoulos, Constantin (6508307415); Pappa, Dimitra (56152963200); Hellmuth, René (57207622118); Karapidis, Alexander (15052098400); Wilhelm, Stephan (57207618244); Pitsilis, Vassilis (25929593500); Wehner, Florian (57207619099)",2019,Communications in Computer and Information Science,10.1007/978-3-030-12957-6_16,Springer Verlag
"Building materials, ionizing radiation and HBIM: A case study from Pompei (Italy)","Argenziano, Pasquale (56790082900); Avella, Alessandra (56789751600); Albanese, Stefano (7006441405)",2018,Buildings,10.3390/buildings8020018,MDPI AG
HBIM in Cultural Heritage Conservation: Component Library for Woodwork in Historic Buildings in Taiwan,"Cheng, Y.M. (55487700700); Mou, C.C. (57204396110); Lu, Y.C. (57204393659); Yen, Y.N. (36652238200)",2018,Lecture Notes in Computer Science (including subseries Lecture Notes in Artificial Intelligence and Lecture Notes in Bioinformatics),10.1007/978-3-030-01762-0_32,Springer Verlag
"Survey, HBIM and conservation plan of a monumental building damaged by earthquake","Oreni, D. (55315403900); Brumana, R. (6507761201); Torre, S. Della (6508010123); Banfi, F. (56425923900)",2017,"International Archives of the Photogrammetry, Remote Sensing and Spatial Information Sciences - ISPRS Archives",10.5194/isprs-Archives-XLII-5-W1-337-2017,International Society for Photogrammetry and Remote Sensing
Scan to BIM for 3D reconstruction of the papal basilica of saint Francis in Assisi In Italy,"Angelini, M.G. (36650470100); Baiocchi, V. (8377318900); Costantino, D. (36650325800); Garzia, F. (7003915885)",2017,"International Archives of the Photogrammetry, Remote Sensing and Spatial Information Sciences - ISPRS Archives",10.5194/isprs-Archives-XLII-5-W1-47-2017,International Society for Photogrammetry and Remote Sensing
How can century-old architectural hierarchies for the design of public libraries be re-interpreted and re-used?,"Prizeman, Oriel (55327353100); Jones, Christopher Bernard (56642043500); Parisi, Mariangela (57201311226); Pezzica, Camilla (57196037951)",2018,Journal of Cultural Heritage Management and Sustainable Development,10.1108/JCHMSD-08-2017-0051,Emerald Group Holdings Ltd.
"INTEGRATING LASER SCANNER and BIM for CONSERVATION and REUSE: ""tHE LYRIC THEATRE of MILAN""","Utica, G. (57200085996); Pinti, L. (57200089065); Guzzoni, L. (57200091218); Bonelli, S. (57211975063); Brizzolari, A. (57200091231)",2017,"ISPRS Annals of the Photogrammetry, Remote Sensing and Spatial Information Sciences",10.5194/isprs-annals-IV-5-W1-77-2017,Copernicus GmbH
Lean deconstruction approach for buildings demolition processes using BIM,"Marzouk, Mohamed (7005098184); Elmaraghy, Ahmed (57204669100); Voordijk, Hans (6602399451)",2019,Lean Construction Journal,,Lean Construction Institute
Research on the construction strategy of information model for manchuria style architecture and its application,"Han, Rui (55570605600); Mo, Wei (55391033500); Shao, Dan (57216704096)",2016,International Journal of Smart Home,10.14257/ijsh.2016.10.7.18,Science and Engineering Research Support Society
Implementation of scan-to-BIM and FEM for the documentation and analysis of heritage timber roof structures,"Bassier, Maarten (57191962971); Hadjidemetriou, George (57188963384); Vergauwen, Maarten (6602413782); Van Roy, Nathalie (57191966947); Verstrynge, Els (26431163900)",2016,Lecture Notes in Computer Science (including subseries Lecture Notes in Artificial Intelligence and Lecture Notes in Bioinformatics),10.1007/978-3-319-48496-9_7,Springer Verlag
"Jeddah historical building information modeling ""JHBIM"" Old Jeddah - Saudi Arabia","Baik, A. (56541473700); Boehm, J. (57147072600); Robson, S. (7102138821)",2013,"International Archives of the Photogrammetry, Remote Sensing and Spatial Information Sciences - ISPRS Archives",10.5194/isprsarchives-xl-5-w2-73-2013,International Society for Photogrammetry and Remote Sensing
Historic Building Information Modelling - Adding intelligence to laser and image based surveys of European classical architecture,"Murphy, Maurice (56664779300); McGovern, Eugene (7004591407); Pavia, Sara (15070842800)",2013,ISPRS Journal of Photogrammetry and Remote Sensing,10.1016/j.isprsjprs.2012.11.006,Elsevier B.V.
The application of BIM in the restoration of historical buildings,"Li, Yan (58609875000); Dong, Kai (56367249100); Li, Guang Fan (55910386600)",2014,Applied Mechanics and Materials,10.4028/www.scientific.net/AMM.638-640.1627,Trans Tech Publications Ltd
Terrestrial laser scanning and settled techniques: A support to detect pathologies and safety conditions of timber structures,"Bertolini-Cestari, Clara (15747235400); Chiabrando, Filiberto (35232790000); Invernizzi, Stefano (6603835320); Marzi, Tanja (6507115137); Spanò, Antonia (35220910600)",2013,Advanced Materials Research,10.4028/www.scientific.net/AMR.778.350,
Building information modelling – A novel parametric modeling approach based on 3D surveys of historic architecture,"Banfi, Fabrizio (56425923900)",2016,Lecture Notes in Computer Science (including subseries Lecture Notes in Artificial Intelligence and Lecture Notes in Bioinformatics),10.1007/978-3-319-48496-9_10,Springer Verlag
Documenting a complex modern heritage building using multi image close range photogrammetry and 3D laser scanned point clouds,"Baptista, Maria Lucia Vianna (56540949900)",2013,"International Archives of the Photogrammetry, Remote Sensing and Spatial Information Sciences - ISPRS Archives",,International Society for Photogrammetry and Remote Sensing
Semi-automatic generation of as-built BIM façade geometry from laser and image data,"Dore, Conor (55270431900); Murphy, Maurice (56664779300)",2014,Journal of Information Technology in Construction,,
Image-based 3D modeling vs laser scanning for the analysis of medieval architecture: The case of St. Croce church in Bergamo,"Cardaci, A. (56080901600); Versaci, A. (56081106700)",2013,"International Archives of the Photogrammetry, Remote Sensing and Spatial Information Sciences - ISPRS Archives",10.5194/isprsarchives-xl-5-w2-155-2013,International Society for Photogrammetry and Remote Sensing
DIGITAL 3D Borobodur: Integration of 3d surveying and modeling techniques,"Suwardhi, Deni (53870569100); Menna, Fabio (35976590400); Remondino, Fabio (6507122674); Hanke, Klaus (36800214700); Akmalia, Rizka (56204213700)",2015,"International Archives of the Photogrammetry, Remote Sensing and Spatial Information Sciences - ISPRS Archives",10.5194/isprsarchives-XL-5-W7-417-2015,International Society for Photogrammetry and Remote Sensing
Information modeling of earthquake-damaged reinforced concrete structures,"Ma, Ling (57782119600); Sacks, Rafael (7102941790); Zeibak-Shini, Reem (56528471500)",2015,Advanced Engineering Informatics,10.1016/j.aei.2015.01.007,Elsevier Ltd
Recording earthen architecture at the peruvian andes: The case of kuño tambo church's historic wall paintings,"Percy, K. (56541205600); Hanley, C. (57205536417); Santana Quintero, M. (56539484400); Fai, S. (54079611600); Ouimet, C. (56541243900); Cancino, C. (37050508900); Rainer, L. (57200448551); Villacorta-Santamato, L. (57205536266)",2013,"ISPRS Annals of the Photogrammetry, Remote Sensing and Spatial Information Sciences",10.5194/isprsannals-II-5-W1-235-2013,Copernicus GmbH
Image-based automated 3D crack detection for post-disaster building assessment,"Torok, Matthew M. (55805976100); Golparvar-Fard, Mani (34868104300); Kochersberger, Kevin B. (22951346500)",2014,Journal of Computing in Civil Engineering,10.1061/(ASCE)CP.1943-5487.0000334,American Society of Civil Engineers (ASCE)
Integrating building information modelling and semantic web technologies for the management of built heritage information,"Pauwels, Pieter (36661189900); Bod, Rens (12784000100); Di Mascio, Danilo (55582266800); De Meyer, Ronald (23003858300)",2013,"Proceedings of the DigitalHeritage 2013 - Federating the 19th Int'l VSMM, 10th Eurographics GCH, and 2nd UNESCO Memory of the World Conferences, Plus Special Sessions fromCAA, Arqueologica 2.0 et al.",10.1109/DigitalHeritage.2013.6743787,
Quantitative + qualitative information for heritage conservation: An open science research for paving 'collaboratively' the way to historical-BIM,"Garcia-Fernandez, Jorge (57023326900); Anssi, Joutsiniemi (56259287700); Ahn, Yushin (12041219200); Fernandez, Juan Jose (55455055600)",2015,"2015 Digital Heritage International Congress, Digital Heritage 2015",10.1109/DigitalHeritage.2015.7419495,Institute of Electrical and Electronics Engineers Inc.
The combination of NDTS for the diagnostic study of historical buildings: The case of Kaisariani monastery,"Moropoulou, Antonia (7005901969); Apostolopoulou, Maria (57200629031); Moundoulas, Petros (6507110796); Karoglou, Maria (8247118300); Delegou, Ekaterini (6507861124); Lampropoulos, Kyriakos (56868465700); Gritsopoulou, Margarita (56868669300); Bakolas, Asterios (6602839538)",2015,COMPDYN 2015 - 5th ECCOMAS Thematic Conference on Computational Methods in Structural Dynamics and Earthquake Engineering,10.7712/120115.3541.957,National Technical University of Athens
Building information modelling (BIM)-supported cooperative design in sustainable renovation projects benefits and limitations,"Di Mascio, Danilo (55582266800); Wang, Xiangyu (8945580300)",2013,Lecture Notes in Computer Science (including subseries Lecture Notes in Artificial Intelligence and Lecture Notes in Bioinformatics),10.1007/978-3-642-40840-3_30,Springer Verlag
"GPR investigation of structure's bases at Hagios Georgios Church, Old Gümüşhane, Turkey","Seren, Aysel (15747912200); Ogretmen, Zeynep (57192689118); Babacan, Ali Erden (54398196300); Sadiklar, Tugrul (57115432500); Ikizler, Sabriye Banu (23667280800)",2015,"2015 8th International Workshop on Advanced Ground Penetrating Radar, IWAGPR 2015",10.1109/IWAGPR.2015.7292661,Institute of Electrical and Electronics Engineers Inc.
"3D laser scanning technology-based historic building mapping for historic preservation: A case study of Shang Shu Di in Fujian Province, China","Zhang, Yuanyi (35209207000); Zhang, Ying (59647295800); Shen, Zhenjiang (55219953800); Nishino, Tatsuya (36446371900); Chen, Xiaojuan (57191841644)",2015,International Review for Spatial Planning and Sustainable Development,10.14246/irspsd.3.2_53,SPSD Press
A case study of the use of GPR for rehabilitation of a classified Art Deco building: The InovaDomus house,"Barraca, Nuno (56399386900); Almeida, Miguel (59835465200); Varum, Humberto (23135674700); Almeida, Fernando (55953372100); Matias, Manuel Senos (6506463596)",2016,Journal of Applied Geophysics,10.1016/j.jappgeo.2016.02.002,Elsevier
A preliminary investigation into automated identification of structural steel without a priori knowledge,"Yeung, J. (36674080200); Nahangi, M. (56028105900); Walbridge, S. (23020235400); Haas, C.T. (7202620442)",2014,"31st International Symposium on Automation and Robotics in Construction and Mining, ISARC 2014 - Proceedings",,University of Technology Sydney
Combined approach of GPR and thermographic data through FDTD simulation to analyze masonry bridges: The evaluation of construction materials in a restored masonry arch bridge,"Solla, M. (57202326745); Asorey-Cacheda, R. (6505767651); Nunez-Nieto, X. (56373788700); Riveiro, B. (35096575300)",2015,"2015 8th International Workshop on Advanced Ground Penetrating Radar, IWAGPR 2015",10.1109/IWAGPR.2015.7292641,Institute of Electrical and Electronics Engineers Inc.
Comparison of methods used for detecting unknown structural elements in three-dimensional point clouds,"Yeung, Jamie (36674080200); Nahangi, Mohammad (56028105900); Shahtaheri, Yasaman (9249310000); Haas, Carl (7202620442); Walbridge, Scott (23020235400); West, Jeffrey (7402746437)",2014,Construction Research Congress 2014: Construction in a Global Network - Proceedings of the 2014 Construction Research Congress,10.1061/9780784413517.0097,American Society of Civil Engineers (ASCE)
The VernArch digital database project: Documentation and protection of the vernacular architecture of Cyprus,"Philokyprou, Maria (35254200000)",2014,Lecture Notes in Computer Science (including subseries Lecture Notes in Artificial Intelligence and Lecture Notes in Bioinformatics),10.1007/978-3-319-13695-0,Springer Verlag
Complex resistivity and radar investigation of building material: First results of field scale measurements,"Kruschwitz, Sabine (7004518905); Niederleithinger, Ernst (6504803454); Trela, Christiane (25625597000); Wöstmann, Jens (6505863266)",2010,Acta Geophysica,10.2478/s11600-009-0019-4,
"Integration of ground-penetrating radar, ultrasonic tests and infrared thermography for the analysis of a precious medieval rose window","Nuzzo, L. (35613179400); Calia, A. (35775078300); Liberatore, D. (55613862700); Masini, N. (8931289200); Rizzo, E. (7004582884)",2010,Advances in Geosciences,10.5194/adgeo-24-69-2010,Copernicus GmbH
"Digital photogrammetry, GPR and computational analysis of structural damages in a mediaeval bridge","Arias, P. (56217320100); Armesto, J. (23484454300); Di-Capua, D. (23975544600); González-Drigo, R. (16642934700); Lorenzo, H. (6603882725); Pérez-Gracia, V. (23493745300)",2007,Engineering Failure Analysis,10.1016/j.engfailanal.2007.02.001,Elsevier BV
GPR and sonic tomography for structural restoration: The case of the cathedral of Tricarico,"Leucci, G. (6507852479); Masini, N. (8931289200); Persico, R. (6603636093); Soldovieri, F. (6603673875)",2011,Journal of Geophysics and Engineering,10.1088/1742-2132/8/3/S08,
Multidisciplinar aproach to historical arch bridges documentation,"Riveiro, B. (35096575300); Arias, P. (56217320100); Armesto, J. (23484454300); Rial, F. (8417908100); Solla, M. (57202326745)",2008,"International Archives of the Photogrammetry, Remote Sensing and Spatial Information Sciences - ISPRS Archives",,International Society for Photogrammetry and Remote Sensing
Documentation of historical caravansaries by digital close range photogrammetry,"Yilmaz, H.M. (19639358800); Yakar, M. (23020225300); Yildiz, F. (23480768900)",2008,Automation in Construction,10.1016/j.autcon.2007.09.003,
Integrated and multi-scale NDT for the study of the architectural heritage,"Nuzzo, Luigia (35613179400); Masini, Nicola (8931289200); Rizzo, Enzo (7004582884); Lasaponara, Rosa (6603298083)",2008,Proceedings of SPIE - The International Society for Optical Engineering,10.1117/12.801313,
Towards building information modelling for existing structures,"Arayici, Yusuf (8328617900)",2008,Structural Survey,10.1108/02630800810887108,
Building information modelling of modern historic buildings case study of hut / architectural department by alvar aalto,"Penttilä, Hannu (14012368900); Rajala, Marko (57579859900); Freese, Simo (57579024700)",2007,Proceedings of the International Conference on Education and Research in Computer Aided Architectural Design in Europe,,Education and research in Computer Aided Architectural Design in Europe
3D documentation of historical sites and buildings for interdisciplinary works,"Tekdal-Emniyeti, Esra (44062179600); Haefele, Karl-Heinz (36924700000); Isele, Joerg (14015925400); Celik, Rahmi N. (7801603840)",2011,Proceedings of SPIE - The International Society for Optical Engineering,10.1117/12.889516,
